{
    "resid": [1, 2, 3, 4, 5, 6, 7, 8, 9, 10, 11, 12, 13, 14, 15, 16, 17, 18, 19, 20, 21, 22, 23, 24, 25, 26, 27, 28, 29, 30, 31, 32, 33, 34, 35, 36, 37, 38, 39, 40, 41, 42, 43, 44, 45],
    "deltaG": [-0.1, -0.8739, -0.0984, -0.35683476, -0.28759, -0.09247, -1.284, -0.99, -0.145, -2.001, -0.6997, -1.567, -1.867, -1.9247, -1.34, -2.984, -1.01, -0.456, -0.948586, -0.4563, -0.09247, -1.284, -0.99, -0.145, -2.001, -0.6997, -0.1, -0.8739, -0.0984, -0.35683476, -0.28759, -1.567, -1.867, -1.9247, -1.34, -2.984, -1.01, -0.456, -0.948586, -0.4563, -0.283, -0.1933]
}